日期,中国_2年,中国_5年,中国_10年,中国_30年,美国_2年,美国_5年,美国_10年,美国_30年
2026-03-25,1.3123,1.572,1.8233,2.3457,,,,
2026-03-24,1.3112,1.5767,1.8272,2.3457,3.9,4.03,4.39,4.94
2026-03-23,1.3163,1.572,1.8316,2.373,3.83,3.95,4.34,4.91
2026-03-20,1.3087,1.5625,1.8299,2.3881,3.88,4.01,4.39,4.96
2026-03-19,1.3106,1.565,1.8252,2.391,3.79,3.88,4.25,4.83
2026-03-18,1.3205,1.5631,1.8175,2.3607,3.76,3.87,4.26,4.88
2026-03-17,1.3393,1.579,1.8314,2.3806,3.68,3.79,4.2,4.85
2026-03-16,1.3593,1.5793,1.8312,2.3917,3.68,3.8,4.23,4.86
2026-03-13,1.3532,1.5619,1.8143,2.3665,3.73,3.87,4.28,4.9
2026-03-12,1.3614,1.5506,1.8052,2.3404,3.76,3.88,4.27,4.88
2026-03-11,1.3639,1.5608,1.8075,2.3503,3.64,3.79,4.21,4.86
2026-03-10,1.3622,1.5552,1.8055,2.3328,3.57,3.73,4.15,4.78
2026-03-09,1.3605,1.5596,1.8054,2.3292,3.56,3.71,4.12,4.72
2026-03-06,1.3432,1.5341,1.781,2.2812,3.56,3.72,4.15,4.77
2026-03-05,1.3486,1.5312,1.7779,2.2717,3.57,3.72,4.13,4.74
2026-03-04,1.3349,1.5286,1.7768,2.2752,3.54,3.67,4.09,4.72
2026-03-03,1.3508,1.5418,1.7807,2.2827,3.51,3.63,4.06,4.7
2026-03-02,1.3579,1.5379,1.7761,2.2696,3.47,3.62,4.05,4.7
2026-02-28,1.3589,1.5425,1.7753,2.2726,,,,
2026-02-27,1.3638,1.5499,1.7877,2.2896,3.38,3.51,3.97,4.64
2026-02-26,1.3657,1.5626,1.8288,2.2951,3.42,3.57,4.02,4.67
2026-02-25,1.3608,1.5495,1.8158,2.255,3.45,3.61,4.05,4.7
2026-02-24,1.3569,1.536,1.8023,2.2426,3.43,3.61,4.04,4.7
2026-02-23,,,,,3.43,3.59,4.03,4.7
2026-02-20,,,,,3.48,3.65,4.08,4.72
2026-02-19,,,,,3.47,3.65,4.08,4.7
2026-02-18,,,,,3.47,3.66,4.09,4.71
2026-02-17,,,,,3.43,3.63,4.05,4.68
2026-02-14,1.3542,1.5366,1.7899,2.246,,,,
2026-02-13,1.3577,1.544,1.7928,2.244,3.4,3.61,4.04,4.69
2026-02-12,1.3576,1.5387,1.7893,2.246,3.47,3.67,4.09,4.72
2026-02-11,1.358,1.5435,1.7994,2.2455,3.52,3.75,4.18,4.82
2026-02-10,1.3552,1.5487,1.8094,2.247,3.45,3.7,4.16,4.78
2026-02-09,1.3577,1.5533,1.8114,2.248,3.48,3.75,4.22,4.85
2026-02-06,1.3597,1.5552,1.8102,2.251,3.5,3.76,4.22,4.85
2026-02-05,1.3634,1.5686,1.8169,2.271,3.47,3.74,4.21,4.85
2026-02-04,1.3769,1.5748,1.8193,2.283,3.57,3.83,4.29,4.91
2026-02-03,1.3772,1.5721,1.8172,2.28,3.57,3.83,4.28,4.9
2026-02-02,1.3852,1.5768,1.82,2.281,3.57,3.83,4.29,4.9
2026-01-30,1.3765,1.5761,1.8112,2.289,3.52,3.79,4.26,4.87
2026-01-29,1.3908,1.5784,1.8174,2.28,3.53,3.8,4.24,4.85
2026-01-28,1.3988,1.5821,1.8164,2.277,3.56,3.83,4.26,4.85
2026-01-27,1.4098,1.6015,1.8311,2.285,3.53,3.81,4.24,4.83
2026-01-26,1.4034,1.5975,1.8242,2.27,3.56,3.82,4.22,4.8
2026-01-23,1.3959,1.5965,1.8298,2.2871,3.6,3.84,4.24,4.82
2026-01-22,1.4034,1.6147,1.8425,2.3101,3.61,3.85,4.26,4.84
2026-01-21,1.3994,1.6043,1.8312,2.3026,3.6,3.83,4.26,4.87
2026-01-20,1.3949,1.6024,1.8326,2.3351,3.6,3.86,4.3,4.91
2026-01-19,1.4072,1.6098,1.8393,2.3417,,,,
2026-01-16,1.4043,1.6099,1.8424,2.3036,3.59,3.82,4.24,4.83
2026-01-15,1.4241,1.628,1.8544,2.3058,3.56,3.77,4.17,4.79
2026-01-14,1.4344,1.6283,1.8494,2.3028,3.51,3.72,4.15,4.79
2026-01-13,1.4386,1.6428,1.8519,2.2926,3.53,3.75,4.18,4.83
2026-01-12,1.4392,1.6427,1.8585,2.292,3.54,3.77,4.19,4.83
2026-01-09,1.4362,1.6551,1.8782,2.3024,3.54,3.75,4.18,4.82
2026-01-08,1.4388,1.661,1.8905,2.319,3.49,3.74,4.19,4.85
2026-01-07,1.4388,1.6732,1.9019,2.3345,3.47,3.7,4.15,4.82
2026-01-06,1.3988,1.6651,1.8829,2.3104,3.47,3.72,4.18,4.86
2026-01-05,1.3813,1.6378,1.8584,2.2822,3.46,3.71,4.17,4.85
2026-01-04,1.3522,1.6247,1.8427,2.2529,,,,
2026-01-02,,,,,3.47,3.74,4.19,4.86
2025-12-31,1.3605,1.6309,1.8473,2.2674,3.47,3.73,4.18,4.84
2025-12-30,1.3555,1.6303,1.8582,2.2628,3.45,3.68,4.14,4.81
2025-12-29,1.3438,1.6168,1.8584,2.2583,3.45,3.67,4.12,4.8
2025-12-26,1.3378,1.5948,1.8376,2.2233,3.46,3.68,4.14,4.81
2025-12-25,1.3358,1.6028,1.8386,2.2252,,,,
2025-12-24,1.3401,1.5991,1.8356,2.2202,3.47,3.7,4.15,4.79
2025-12-23,1.3502,1.5957,1.8352,2.2232,3.48,3.72,4.18,4.83
2025-12-22,1.3652,1.6083,1.8415,2.2412,3.44,3.71,4.17,4.84
2025-12-19,1.3752,1.6021,1.8308,2.2252,3.48,3.7,4.16,4.82
2025-12-18,1.3876,1.6201,1.8356,2.2512,3.46,3.66,4.12,4.8
2025-12-17,1.4001,1.6241,1.834,2.2422,3.49,3.7,4.16,4.83
2025-12-16,1.4036,1.6362,1.8458,2.2802,3.48,3.69,4.15,4.82
2025-12-15,1.3986,1.6391,1.8488,2.2792,3.51,3.73,4.18,4.84
2025-12-12,1.3951,1.6279,1.8396,2.2487,3.52,3.75,4.19,4.85
2025-12-11,1.3919,1.6173,1.8404,2.2252,3.52,3.72,4.14,4.79
2025-12-10,1.3886,1.6266,1.8447,2.2412,3.54,3.72,4.13,4.78
2025-12-09,1.3987,1.6299,1.8425,2.2527,3.61,3.78,4.18,4.8
2025-12-08,1.4034,1.6348,1.8499,2.2577,3.57,3.75,4.17,4.81
2025-12-05,1.4036,1.6322,1.848,2.2571,3.56,3.72,4.14,4.79
2025-12-04,1.4054,1.646,1.8718,2.2761,3.52,3.68,4.11,4.76
2025-12-03,1.4137,1.6196,1.8519,2.2351,3.49,3.62,4.06,4.73
2025-12-02,1.4166,1.6165,1.8442,2.2051,3.51,3.66,4.09,4.74
2025-12-01,1.4162,1.6111,1.8366,2.1901,3.54,3.67,4.09,4.74
2025-11-28,1.4183,1.6183,1.8412,2.1851,3.47,3.59,4.02,4.67
2025-11-27,1.4317,1.6304,1.8537,2.2001,,,,
2025-11-26,1.4342,1.6203,1.8462,2.1926,3.45,3.56,4.0,4.64
2025-11-25,1.43,1.6019,1.8301,2.1751,3.43,3.55,4.01,4.67
2025-11-24,1.4313,1.5944,1.821,2.1586,3.46,3.61,4.04,4.68
2025-11-21,1.4303,1.5907,1.8166,2.1576,3.51,3.62,4.06,4.71
2025-11-20,1.4291,1.5852,1.8135,2.1531,3.55,3.68,4.1,4.73
2025-11-19,1.4299,1.5953,1.8179,2.1506,3.58,3.71,4.13,4.75
2025-11-18,1.4311,1.5899,1.8121,2.1381,3.58,3.7,4.12,4.74
2025-11-17,1.4312,1.5846,1.8109,2.1391,3.6,3.72,4.13,4.73
2025-11-14,1.4312,1.5816,1.814,2.1481,3.62,3.74,4.14,4.74
2025-11-13,1.428,1.5783,1.8126,2.1491,3.58,3.71,4.11,4.7
2025-11-12,1.4319,1.568,1.8071,2.1431,3.56,3.68,4.08,4.67
2025-11-11,1.433,1.5754,1.8119,2.1537,,,,
2025-11-10,1.4322,1.583,1.8139,2.1476,3.58,3.72,4.13,4.71
2025-11-07,1.4337,1.5873,1.8142,2.1581,3.55,3.67,4.11,4.7
2025-11-06,1.4342,1.5856,1.81,2.1596,3.57,3.69,4.11,4.69
2025-11-05,1.431,1.5794,1.7964,2.1391,3.63,3.76,4.17,4.74
2025-11-04,1.4233,1.5795,1.7984,2.1421,3.58,3.69,4.1,4.67
2025-11-03,1.4143,1.5768,1.7944,2.1376,3.6,3.72,4.13,4.69
2025-10-31,1.4022,1.5662,1.7954,2.1431,3.6,3.71,4.11,4.67
2025-10-30,1.4067,1.5609,1.8098,2.1625,3.61,3.72,4.11,4.65
2025-10-29,1.4063,1.5783,1.8208,2.177,3.59,3.7,4.08,4.61
2025-10-28,1.4408,1.5724,1.8179,2.17,3.47,3.6,3.99,4.55
2025-10-27,1.4814,1.6054,1.8423,2.2031,3.48,3.61,4.01,4.57
2025-10-24,1.4923,1.6174,1.8486,2.2126,3.48,3.61,4.02,4.59
2025-10-23,1.4961,1.6061,1.8391,2.1946,3.48,3.61,4.01,4.58
2025-10-22,1.5011,1.6027,1.8293,2.1821,3.45,3.56,3.97,4.54
2025-10-21,1.4961,1.6033,1.8357,2.1871,3.45,3.56,3.98,4.55
2025-10-20,1.5014,1.6104,1.8498,2.2162,3.46,3.58,4.0,4.58
2025-10-17,1.494,1.5899,1.8246,2.2002,3.46,3.59,4.02,4.6
2025-10-16,1.4981,1.5975,1.8407,2.2414,3.41,3.55,3.99,4.58
2025-10-15,1.4997,1.5949,1.8449,2.2603,3.5,3.63,4.05,4.64
2025-10-14,1.494,1.59,1.8368,2.2678,3.48,3.6,4.03,4.62
2025-10-13,1.4922,1.5983,1.8383,2.2729,,,,
2025-10-11,1.4822,1.5794,1.8206,2.2328,,,,
2025-10-10,1.5016,1.605,1.846,2.2829,3.52,3.65,4.05,4.63
2025-10-09,1.4857,1.5979,1.8466,2.2629,3.6,3.74,4.14,4.72
2025-10-08,,,,,3.58,3.72,4.13,4.72
2025-10-07,,,,,3.57,3.71,4.14,4.73
2025-10-06,,,,,3.6,3.75,4.18,4.76
2025-10-03,,,,,3.58,3.72,4.13,4.71
2025-10-02,,,,,3.55,3.67,4.1,4.69
2025-10-01,,,,,3.55,3.68,4.12,4.72
2025-09-30,1.4934,1.6036,1.8605,2.2461,3.6,3.74,4.16,4.73
2025-09-29,1.5081,1.635,1.887,2.242,3.63,3.74,4.15,4.71
2025-09-28,1.5038,1.6188,1.8781,2.218,,,,
2025-09-26,1.5125,1.6234,1.8768,2.217,3.63,3.76,4.2,4.77
2025-09-25,1.5211,1.6398,1.884,2.23,3.64,3.75,4.18,4.75
2025-09-24,1.5163,1.6477,1.9022,2.2501,3.57,3.7,4.16,4.76
2025-09-23,1.5015,1.6238,1.877,2.215,3.53,3.68,4.12,4.73
2025-09-22,1.4908,1.6091,1.8647,2.189,3.61,3.71,4.15,4.77
2025-09-19,1.4859,1.6186,1.8789,2.1996,3.57,3.68,4.14,4.75
2025-09-18,1.4806,1.5896,1.8546,2.1701,3.57,3.67,4.11,4.72
2025-09-17,1.4345,1.5688,1.8349,2.15,3.52,3.62,4.06,4.66
2025-09-16,1.4095,1.5891,1.8527,2.1675,3.51,3.59,4.04,4.65
2025-09-15,1.4245,1.6187,1.8724,2.1875,3.54,3.61,4.05,4.66
2025-09-12,1.4295,1.6139,1.867,2.184,3.56,3.63,4.06,4.68
2025-09-11,1.4177,1.621,1.8743,2.208,3.52,3.59,4.01,4.65
2025-09-10,1.4298,1.6492,1.8992,2.204,3.54,3.59,4.04,4.69
2025-09-09,1.4205,1.6283,1.8641,2.171,3.54,3.61,4.08,4.72
2025-09-08,1.4065,1.6229,1.8514,2.1475,3.49,3.57,4.05,4.69
2025-09-05,1.4081,1.6121,1.826,2.1125,3.51,3.59,4.1,4.78
2025-09-04,1.4036,1.5967,1.806,2.085,3.59,3.65,4.17,4.86
2025-09-03,1.385,1.5931,1.7984,2.075,3.61,3.69,4.22,4.9
2025-09-02,1.3994,1.6148,1.8167,2.1,3.66,3.74,4.28,4.97
2025-09-01,1.3994,1.6234,1.8257,2.1165,,,,
2025-08-29,1.4042,1.6322,1.8379,2.1375,3.59,3.68,4.23,4.92
2025-08-28,1.4184,1.6442,1.8478,2.1108,3.62,3.69,4.22,4.88
2025-08-27,1.411,1.6259,1.7988,2.07,3.59,3.69,4.24,4.91
2025-08-26,1.417,1.6215,1.7598,2.035,3.61,3.75,4.26,4.9
2025-08-25,1.4194,1.6227,1.7643,2.05,3.73,3.8,4.28,4.89
2025-08-22,1.4341,1.6324,1.7818,2.0775,3.68,3.76,4.26,4.88
2025-08-21,1.4373,1.6295,1.7667,2.075,3.79,3.86,4.33,4.92
2025-08-20,1.4398,1.6399,1.782,2.105,3.74,3.81,4.29,4.89
2025-08-19,1.4273,1.6246,1.7725,2.0975,3.75,3.82,4.3,4.9
2025-08-18,1.4342,1.6398,1.7872,2.1145,3.77,3.86,4.34,4.94
2025-08-15,1.4021,1.5948,1.7465,2.0475,3.75,3.85,4.33,4.92
2025-08-14,1.4023,1.5638,1.7341,2.0275,3.74,3.82,4.29,4.88
2025-08-13,1.3996,1.5637,1.7262,2.02,3.67,3.77,4.24,4.83
2025-08-12,1.4096,1.5683,1.7271,2.017,3.72,3.83,4.29,4.88
2025-08-11,1.4061,1.5629,1.7203,1.995,3.76,3.83,4.27,4.84
2025-08-08,1.3956,1.5454,1.6891,1.96,3.76,3.84,4.27,4.85
2025-08-07,1.4054,1.5471,1.6894,1.951,3.72,3.79,4.23,4.81
2025-08-06,1.4154,1.562,1.6999,1.958,3.69,3.77,4.22,4.81
2025-08-05,1.4253,1.5719,1.7061,1.9585,3.72,3.77,4.22,4.78
2025-08-04,1.4253,1.5768,1.7083,1.95,3.69,3.75,4.22,4.8
2025-08-01,1.4258,1.5686,1.7059,1.949,3.69,3.77,4.23,4.81
2025-07-31,1.4195,1.571,1.7044,1.945,3.94,3.96,4.37,4.89
2025-07-30,1.4289,1.5859,1.718,1.96,3.94,3.96,4.38,4.89
2025-07-29,1.4445,1.6107,1.7466,1.998,3.86,3.9,4.34,4.86
2025-07-28,1.4155,1.5848,1.7146,1.9525,3.91,3.96,4.42,4.96
2025-07-25,1.4355,1.6048,1.7324,1.9725,3.91,3.95,4.4,4.92
2025-07-24,1.4556,1.5939,1.7376,1.979,3.91,3.98,4.43,4.96
2025-07-23,1.4087,1.5749,1.7041,1.938,3.88,3.94,4.4,4.95
2025-07-22,1.3934,1.5559,1.6907,1.9335,3.83,3.88,4.35,4.9
2025-07-21,1.3908,1.5421,1.6774,1.9115,3.85,3.91,4.38,4.94
2025-07-18,1.3803,1.5256,1.6652,1.8885,3.88,3.96,4.44,5.0
2025-07-17,1.3851,1.5248,1.663,1.883,3.91,4.01,4.47,5.01
2025-07-16,1.3875,1.5273,1.6617,1.8661,3.88,3.99,4.46,5.01
2025-07-15,1.3921,1.5251,1.6557,1.8601,3.95,4.05,4.5,5.01
2025-07-14,1.4127,1.5417,1.6726,1.8821,3.9,3.98,4.43,4.97
2025-07-11,1.3995,1.5292,1.6653,1.8741,3.9,3.99,4.43,4.96
2025-07-10,1.3965,1.5236,1.6616,1.8746,3.86,3.93,4.35,4.86
2025-07-09,1.3771,1.5141,1.6446,1.8566,3.86,3.92,4.34,4.87
2025-07-08,1.3633,1.5032,1.6444,1.8596,3.9,3.99,4.42,4.94
2025-07-07,1.3508,1.4932,1.6406,1.8536,3.9,3.96,4.4,4.92
2025-07-04,1.3534,1.4929,1.6433,1.8516,,,,
2025-07-03,1.3611,1.4933,1.6407,1.8486,3.88,3.94,4.35,4.86
2025-07-02,1.3586,1.4975,1.6396,1.8451,3.78,3.87,4.3,4.82
2025-07-01,1.3663,1.5075,1.6433,1.8516,3.78,3.84,4.26,4.78
2025-06-30,1.3635,1.5129,1.6469,1.8611,3.72,3.79,4.24,4.78
2025-06-27,1.3605,1.5065,1.6462,1.8496,3.73,3.83,4.29,4.85
2025-06-26,1.3703,1.5139,1.6462,1.8491,3.7,3.79,4.26,4.81
2025-06-25,1.3728,1.5214,1.6544,1.8621,3.74,3.83,4.29,4.83
2025-06-24,1.3733,1.5129,1.648,1.8506,3.75,3.86,4.3,4.83
2025-06-23,1.3683,1.5027,1.6418,1.8381,3.84,3.91,4.34,4.87
2025-06-20,1.3662,1.5025,1.6396,1.8376,3.9,3.96,4.38,4.89
2025-06-19,1.3701,1.5078,1.6425,1.8431,,,,
2025-06-18,1.3701,1.5082,1.6384,1.8455,3.94,3.98,4.38,4.88
2025-06-17,1.3712,1.5101,1.6364,1.8425,3.94,3.99,4.39,4.88
2025-06-16,1.4032,1.5401,1.6432,1.851,3.97,4.04,4.46,4.96
2025-06-13,1.4132,1.5447,1.644,1.8495,3.96,4.02,4.41,4.9
2025-06-12,1.4263,1.5437,1.6475,1.8485,3.9,3.97,4.36,4.84
2025-06-11,1.4186,1.5426,1.642,1.849,3.94,4.02,4.41,4.91
2025-06-10,1.4331,1.5456,1.6569,1.8695,4.01,4.08,4.47,4.93
2025-06-09,1.4286,1.5437,1.6559,1.87,4.01,4.09,4.49,4.95
2025-06-06,1.4257,1.5459,1.6547,1.876,4.04,4.13,4.51,4.97
2025-06-05,1.4391,1.5585,1.6741,1.896,3.92,3.99,4.4,4.88
2025-06-04,1.462,1.565,1.6704,1.891,3.87,3.93,4.37,4.89
2025-06-03,1.4831,1.5797,1.6764,1.895,3.96,4.04,4.46,4.98
2025-06-02,,,,,3.94,4.01,4.46,4.99
2025-05-30,1.4617,1.564,1.6712,1.896,3.89,3.96,4.41,4.92
2025-05-29,1.4875,1.5903,1.6877,1.916,3.92,4.0,4.43,4.92
2025-05-28,1.4755,1.5753,1.6832,1.906,3.96,4.05,4.47,4.97
2025-05-27,1.4723,1.5703,1.7261,1.901,3.92,4.04,4.43,4.94
2025-05-26,1.4676,1.5628,1.7201,1.8875,,,,
2025-05-23,1.4747,1.565,1.7208,1.889,4.0,4.08,4.51,5.04
2025-05-22,1.4801,1.5649,1.7186,1.887,4.0,4.11,4.54,5.05
2025-05-21,1.4775,1.5647,1.71,1.885,4.0,4.15,4.58,5.08
2025-05-20,1.4834,1.5722,1.7004,1.872,3.97,4.07,4.48,4.96
2025-05-19,1.4645,1.5672,1.6893,1.861,3.97,4.07,4.46,4.92
2025-05-16,1.4749,1.577,1.6793,1.878,3.98,4.06,4.43,4.89
2025-05-15,1.454,1.577,1.6798,1.8825,3.96,4.07,4.45,4.91
2025-05-14,1.4356,1.5622,1.6736,1.8775,4.05,4.17,4.53,4.97
2025-05-13,1.4167,1.5421,1.6704,1.879,4.02,4.12,4.49,4.94
2025-05-12,1.4375,1.5519,1.688,1.905,3.98,4.09,4.45,4.89
2025-05-09,1.4296,1.4957,1.6351,1.8425,3.88,4.0,4.37,4.83
2025-05-08,1.4067,1.5009,1.6331,1.8375,3.9,4.0,4.37,4.83
2025-05-07,1.4415,1.5156,1.6418,1.8475,3.78,3.87,4.26,4.77
2025-05-06,1.454,1.5255,1.6298,1.827,3.78,3.9,4.3,4.81
2025-05-05,,,,,3.83,3.95,4.36,4.83
2025-05-02,,,,,3.83,3.92,4.33,4.79
2025-05-01,,,,,3.7,3.81,4.25,4.74
2025-04-30,1.4507,1.5163,1.6243,1.824,3.6,3.72,4.17,4.66
2025-04-29,1.4616,1.5352,1.6241,1.8225,3.65,3.77,4.19,4.64
2025-04-28,1.483,1.5393,1.6483,1.9005,3.67,3.81,4.23,4.69
2025-04-27,1.4788,1.5443,1.6607,1.9252,,,,
2025-04-25,1.4838,1.5433,1.6606,1.9276,3.74,3.88,4.29,4.74
2025-04-24,1.4781,1.547,1.664,1.9327,3.77,3.91,4.32,4.77
2025-04-23,1.4725,1.5379,1.6611,1.9279,3.81,4.0,4.4,4.83
2025-04-22,1.4567,1.5179,1.6509,1.9052,3.76,3.98,4.41,4.88
2025-04-21,1.4618,1.5303,1.6664,1.9227,3.75,3.97,4.42,4.91
2025-04-18,1.4495,1.504,1.6493,1.9042,,,,
2025-04-17,1.4413,1.5048,1.6522,1.8982,3.81,3.95,4.34,4.8
2025-04-16,1.4261,1.4896,1.643,1.8652,3.77,3.91,4.29,4.74
2025-04-15,1.423,1.5015,1.6583,1.8602,3.84,3.98,4.35,4.79
2025-04-14,1.4131,1.5043,1.6584,1.8602,3.84,4.02,4.38,4.8
2025-04-11,1.3979,1.4895,1.6568,1.8627,3.96,4.15,4.48,4.85
2025-04-10,1.4053,1.4916,1.6444,1.8602,3.84,4.04,4.4,4.86
2025-04-09,1.4328,1.5216,1.6508,1.8552,3.91,4.06,4.34,4.72
2025-04-08,1.4703,1.5452,1.6633,1.8551,3.71,3.88,4.26,4.71
2025-04-07,1.4278,1.4967,1.6318,1.8252,3.73,3.82,4.15,4.58
2025-04-04,,,,,3.68,3.72,4.01,4.41
2025-04-03,1.4853,1.5616,1.718,1.9052,3.71,3.75,4.06,4.49
2025-04-02,1.5611,1.6368,1.7887,1.9801,3.91,3.95,4.2,4.54
2025-04-01,1.5791,1.6669,1.8104,2.0201,3.87,3.91,4.17,4.52
2025-03-31,1.5663,1.6523,1.8129,2.0226,3.89,3.96,4.23,4.59
2025-03-28,1.5302,1.6562,1.8126,2.0251,3.89,3.98,4.27,4.64
2025-03-27,1.5508,1.6579,1.8062,2.0101,3.97,4.09,4.38,4.73
2025-03-26,1.561,1.6517,1.7943,2.0001,3.98,4.08,4.35,4.69
2025-03-25,1.5811,1.6773,1.8183,2.0276,3.96,4.07,4.31,4.65
2025-03-24,1.5863,1.6927,1.8413,2.0501,4.04,4.09,4.34,4.66
2025-03-21,1.5804,1.6981,1.8458,2.0676,3.94,4.0,4.25,4.59
2025-03-20,1.555,1.6741,1.8309,2.0526,3.95,4.01,4.24,4.55
2025-03-19,1.6027,1.6991,1.8708,2.1051,3.99,4.03,4.25,4.56
2025-03-18,1.5374,1.6974,1.8885,2.1151,4.04,4.07,4.29,4.58
2025-03-17,1.5774,1.7123,1.8957,2.115,4.06,4.11,4.31,4.6
2025-03-14,1.5474,1.6416,1.8317,2.04,4.02,4.09,4.31,4.62
2025-03-13,1.5644,1.6792,1.8565,2.04,3.94,4.02,4.27,4.59
2025-03-12,1.5578,1.6668,1.8334,2.0125,4.01,4.09,4.32,4.63
2025-03-11,1.5975,1.7368,1.8853,2.035,3.94,4.03,4.28,4.59
2025-03-10,1.5355,1.6744,1.8128,1.985,3.89,3.98,4.22,4.54
2025-03-07,1.507,1.6672,1.8002,1.975,3.99,4.09,4.32,4.62
2025-03-06,1.447,1.598,1.7455,1.9325,3.96,4.06,4.29,4.58
2025-03-05,1.3995,1.5527,1.7083,1.8925,3.99,4.08,4.28,4.57
2025-03-04,1.4056,1.5639,1.7079,1.9,3.96,4.01,4.22,4.53
2025-03-03,1.3834,1.5565,1.6955,1.89,3.96,3.97,4.16,4.45
2025-02-28,1.4253,1.6041,1.7152,1.905,3.99,4.03,4.24,4.51
2025-02-27,1.4639,1.644,1.7576,1.935,4.07,4.09,4.29,4.56
2025-02-26,1.4239,1.61,1.7251,1.91,4.05,4.06,4.25,4.51
2025-02-25,1.4449,1.6222,1.7275,1.915,4.07,4.12,4.3,4.55
2025-02-24,1.4726,1.6451,1.7625,1.945,4.13,4.23,4.4,4.66
2025-02-21,1.4706,1.6045,1.72,1.905,4.19,4.26,4.42,4.67
2025-02-20,1.4267,1.5379,1.685,1.87,4.28,4.34,4.5,4.74
2025-02-19,1.3676,1.5029,1.6626,1.84,4.28,4.37,4.53,4.76
2025-02-18,1.3916,1.5335,1.7006,1.86,4.29,4.4,4.55,4.77
2025-02-17,1.3854,1.5035,1.6934,1.86,,,,
2025-02-14,1.3606,1.4804,1.6546,1.82,4.26,4.33,4.47,4.69
2025-02-13,1.3023,1.448,1.6346,1.799,4.31,4.39,4.52,4.72
2025-02-12,1.2758,1.438,1.6336,1.809,4.36,4.48,4.62,4.83
2025-02-11,1.2736,1.4279,1.6274,1.8075,4.29,4.37,4.54,4.75
2025-02-10,1.2721,1.4377,1.6342,1.825,4.28,4.34,4.51,4.71
2025-02-08,1.237,1.3945,1.6057,1.805,,,,
2025-02-07,1.237,1.3945,1.6032,1.8025,4.29,4.34,4.49,4.69
2025-02-06,1.2129,1.3791,1.5958,1.805,4.21,4.28,4.45,4.65
2025-02-05,1.2521,1.4049,1.6207,1.8375,4.17,4.24,4.43,4.64
2025-02-04,,,,,4.21,4.31,4.52,4.75
2025-02-03,,,,,4.26,4.35,4.54,4.77
2025-01-31,,,,,4.22,4.36,4.58,4.83
2025-01-30,,,,,4.18,4.31,4.52,4.76
2025-01-29,,,,,4.21,4.35,4.55,4.79
2025-01-28,,,,,4.19,4.33,4.55,4.78
2025-01-27,1.2515,1.4124,1.6299,1.8675,4.17,4.32,4.53,4.76
2025-01-26,1.3154,1.4557,1.6537,1.891,,,,
2025-01-24,1.3004,1.4657,1.6565,1.89,4.27,4.43,4.63,4.85
2025-01-23,1.2804,1.4557,1.6645,1.9,4.29,4.45,4.65,4.87
2025-01-22,1.2554,1.4257,1.6602,1.9,4.29,4.43,4.6,4.82
2025-01-21,1.2506,1.4107,1.6496,1.89,4.29,4.4,4.57,4.8
2025-01-20,1.2755,1.4357,1.6747,1.9225,,,,
2025-01-17,1.2708,1.4307,1.6593,1.915,4.27,4.42,4.61,4.84
2025-01-16,1.2366,1.4257,1.6394,1.8677,4.23,4.39,4.61,4.84
2025-01-15,1.2135,1.4207,1.633,1.8602,4.27,4.45,4.66,4.88
2025-01-14,1.221,1.4157,1.6446,1.8652,4.37,4.59,4.78,4.98
2025-01-13,1.2516,1.4792,1.6592,1.9051,4.4,4.61,4.79,4.97
2025-01-10,1.2112,1.4342,1.6338,1.8752,4.4,4.59,4.77,4.96
2025-01-09,1.1708,1.4465,1.6368,1.8932,4.27,4.46,4.68,4.92
2025-01-08,1.0908,1.3948,1.6069,1.8702,4.28,4.45,4.67,4.91
2025-01-07,1.0483,1.3895,1.6093,1.8602,4.3,4.46,4.67,4.91
2025-01-06,1.0133,1.3493,1.5966,1.8327,4.28,4.42,4.62,4.85
2025-01-03,1.0205,1.3409,1.6041,1.8501,4.28,4.41,4.6,4.82
2025-01-02,1.1011,1.3976,1.6077,1.8397,4.25,4.38,4.57,4.79
2024-12-31,1.137,1.4152,1.6752,1.9121,4.25,4.38,4.58,4.78
2024-12-30,1.152,1.4413,1.7128,1.9476,4.24,4.37,4.55,4.77
2024-12-27,1.132,1.4059,1.6929,1.9476,4.31,4.45,4.62,4.82
2024-12-26,1.1,1.437,1.7122,1.9701,4.3,4.42,4.58,4.76
2024-12-25,1.0814,1.4591,1.7365,2.007,,,,
2024-12-24,1.0521,1.4199,1.7166,1.9926,4.29,4.43,4.59,4.76
2024-12-23,1.0596,1.3915,1.7019,1.9526,4.3,4.44,4.59,4.78
2024-12-20,1.0706,1.3727,1.7018,1.9526,4.3,4.37,4.52,4.72
2024-12-19,1.131,1.4161,1.7417,1.9926,4.32,4.43,4.57,4.74
2024-12-18,1.1405,1.4515,1.7564,1.9961,4.35,4.4,4.5,4.65
2024-12-17,1.1734,1.4417,1.7237,1.9591,4.25,4.26,4.4,4.59
2024-12-16,1.1598,1.4176,1.7215,1.9526,4.25,4.25,4.39,4.6
2024-12-13,1.177,1.4353,1.7771,2.005,4.25,4.25,4.4,4.61
2024-12-12,1.2261,1.4844,1.8172,2.043,4.18,4.18,4.32,4.55
2024-12-11,1.2644,1.53,1.8218,2.0401,4.15,4.13,4.26,4.48
2024-12-10,1.2645,1.5454,1.8468,2.0551,4.15,4.09,4.22,4.41
2024-12-09,1.3165,1.585,1.9168,2.1151,4.13,4.07,4.2,4.39
2024-12-06,1.3184,1.6111,1.9539,2.1585,4.1,4.03,4.15,4.34
2024-12-05,1.3037,1.6086,1.9462,2.1425,4.15,4.07,4.17,4.33
2024-12-04,1.3039,1.6026,1.9612,2.1375,4.13,4.07,4.19,4.35
2024-12-03,1.328,1.6257,1.9886,2.1675,4.17,4.11,4.23,4.4
2024-12-02,1.3229,1.615,1.981,2.17,4.17,4.08,4.19,4.36
2024-11-29,1.3671,1.6598,2.0206,2.2025,4.13,4.05,4.18,4.36
2024-11-28,1.3881,1.6842,2.0304,2.218,,,,
2024-11-27,1.3926,1.7021,2.0553,2.25,4.19,4.11,4.25,4.44
2024-11-26,1.3902,1.6988,2.0657,2.245,4.21,4.17,4.3,4.48
2024-11-25,1.3852,1.6936,2.0682,2.241,4.21,4.17,4.27,4.45
2024-11-22,1.389,1.7031,2.0832,2.265,4.37,4.3,4.41,4.6
2024-11-21,1.3836,1.6977,2.0843,2.2751,4.34,4.3,4.43,4.61
2024-11-20,1.3974,1.7074,2.1025,2.305,4.31,4.28,4.41,4.59
2024-11-19,1.4016,1.7122,2.0947,2.286,4.27,4.25,4.39,4.57
2024-11-18,1.4055,1.724,2.1117,2.3175,4.29,4.28,4.42,4.61
2024-11-15,1.4034,1.7099,2.0948,2.2825,4.31,4.3,4.43,4.6
2024-11-14,1.4146,1.7065,2.0808,2.261,4.34,4.32,4.43,4.58
2024-11-13,1.4209,1.7186,2.0876,2.26,4.27,4.3,4.44,4.63
2024-11-12,1.4081,1.713,2.0729,2.236,4.34,4.32,4.43,4.58
2024-11-11,1.4131,1.7409,2.092,2.2575,,,,
2024-11-08,1.4175,1.7427,2.1067,2.2775,4.26,4.2,4.3,4.47
2024-11-07,1.4228,1.7552,2.1115,2.28,4.21,4.17,4.31,4.52
2024-11-06,1.439,1.7748,2.1234,2.29,4.27,4.27,4.42,4.6
2024-11-05,1.4396,1.7691,2.1106,2.2825,4.19,4.16,4.26,4.44
2024-11-04,1.4297,1.7786,2.1275,2.305,4.17,4.17,4.31,4.5
2024-11-01,1.4338,1.7674,2.1406,2.3175,4.21,4.22,4.37,4.57
2024-10-31,1.4482,1.7947,2.1476,2.335,4.16,4.15,4.28,4.47
2024-10-30,1.4731,1.822,2.1597,2.36,4.15,4.14,4.29,4.49
2024-10-29,1.4898,1.8291,2.1598,2.366,4.11,4.11,4.28,4.52
2024-10-28,1.5042,1.8336,2.1617,2.38,4.12,4.11,4.28,4.53
2024-10-25,1.4975,1.8428,2.1539,2.36,4.11,4.07,4.25,4.51
2024-10-24,1.5603,1.8521,2.1661,2.355,4.07,4.03,4.21,4.47
2024-10-23,1.5708,1.8443,2.1559,2.355,4.07,4.05,4.24,4.51
2024-10-22,1.5538,1.8316,2.1458,2.34,4.03,4.0,4.2,4.49
2024-10-21,1.5267,1.7938,2.1211,2.3075,4.02,3.98,4.19,4.49
2024-10-18,1.5048,1.7882,2.1209,2.305,3.95,3.88,4.08,4.38
2024-10-17,1.4838,1.7805,2.1084,2.295,3.96,3.9,4.09,4.39
2024-10-16,1.5455,1.8215,2.1331,2.328,3.93,3.84,4.02,4.3
2024-10-15,1.5557,1.8065,2.1254,2.3125,3.95,3.86,4.03,4.32
2024-10-14,1.5556,1.819,2.1368,2.3126,,,,
2024-10-12,1.555,1.8122,2.1441,2.3,,,,
2024-10-11,1.56,1.8171,2.1392,2.3,3.95,3.88,4.08,4.39
2024-10-10,1.5806,1.8326,2.1441,2.29,3.98,3.91,4.09,4.38
2024-10-09,1.567,1.8886,2.176,2.3576,3.99,3.91,4.06,4.34
2024-10-08,1.519,1.9106,2.1928,2.38,3.98,3.86,4.04,4.32
2024-10-07,,,,,3.99,3.86,4.03,4.3
2024-10-04,,,,,3.93,3.81,3.98,4.26
2024-10-03,,,,,3.7,3.62,3.85,4.18
2024-10-02,,,,,3.63,3.55,3.79,4.14
2024-10-01,,,,,3.61,3.51,3.74,4.08
2024-09-30,1.459,1.8388,2.1518,2.355,3.66,3.58,3.81,4.14
2024-09-29,1.489,1.9312,2.2534,2.435,,,,
2024-09-27,1.439,1.8312,2.1714,2.3475,3.55,3.5,3.75,4.1
2024-09-26,1.389,1.7316,2.0787,2.22,3.6,3.55,3.79,4.12
2024-09-25,1.369,1.6995,2.0437,2.155,3.53,3.52,3.79,4.14
2024-09-24,1.419,1.7521,2.0728,2.19,3.49,3.47,3.74,4.09
2024-09-23,1.389,1.7314,2.0381,2.14,3.57,3.51,3.75,4.09
2024-09-20,1.3814,1.7281,2.0431,2.15,3.55,3.48,3.73,4.07
2024-09-19,1.394,1.7411,2.045,2.17,3.59,3.49,3.73,4.06
2024-09-18,1.359,1.7217,2.0403,2.165,3.61,3.47,3.7,4.03
2024-09-17,,,,,3.59,3.44,3.65,3.96
2024-09-16,,,,,3.56,3.41,3.63,3.94
2024-09-14,1.334,1.7009,2.0425,2.183,,,,
2024-09-13,1.35,1.7205,2.0724,2.2176,3.57,3.43,3.66,3.98
2024-09-12,1.347,1.7232,2.0998,2.2471,3.64,3.47,3.68,4.0
2024-09-11,1.3325,1.7175,2.1044,2.263,3.62,3.45,3.65,3.96
2024-09-10,1.3868,1.7497,2.1143,2.267,3.59,3.43,3.65,3.97
2024-09-09,1.4234,1.77,2.1267,2.29,3.68,3.49,3.7,4.0
2024-09-06,1.4425,1.779,2.1388,2.309,3.66,3.5,3.72,4.03
2024-09-05,1.4517,1.7761,2.1338,2.3125,3.75,3.54,3.73,4.02
2024-09-04,1.4595,1.775,2.1336,2.3225,3.76,3.56,3.77,4.06
2024-09-03,1.4526,1.7853,2.1432,2.339,3.88,3.65,3.84,4.13
2024-09-02,1.4853,1.8085,2.1457,2.3425,,,,
2024-08-30,1.5197,1.8522,2.1704,2.3651,3.91,3.71,3.91,4.2
2024-08-29,1.525,1.8671,2.1703,2.365,3.87,3.66,3.87,4.15
2024-08-28,1.5364,1.8552,2.1673,2.355,3.83,3.63,3.84,4.13
2024-08-27,1.5542,1.8658,2.1903,2.3825,3.83,3.66,3.83,4.13
2024-08-26,1.5542,1.8447,2.1628,2.3475,3.91,3.66,3.82,4.11
2024-08-23,1.576,1.8487,2.1547,2.3401,3.9,3.65,3.81,4.1
2024-08-22,1.6297,1.8726,2.1582,2.3476,3.99,3.72,3.86,4.13
2024-08-21,1.6548,1.8761,2.167,2.3551,3.92,3.64,3.79,4.06
2024-08-20,1.6708,1.8859,2.171,2.36,3.99,3.7,3.82,4.07
2024-08-19,1.6717,1.8834,2.1816,2.3675,4.06,3.75,3.86,4.11
2024-08-16,1.6719,1.8901,2.1978,2.39,4.06,3.77,3.89,4.15
2024-08-15,1.6837,1.9058,2.205,2.39,4.08,3.79,3.92,4.18
2024-08-14,1.6517,1.8858,2.1966,2.3751,3.94,3.67,3.83,4.12
2024-08-13,1.6443,1.9011,2.2255,2.4075,3.93,3.68,3.85,4.16
2024-08-12,1.6505,1.9358,2.2508,2.435,4.01,3.75,3.9,4.19
2024-08-09,1.5739,1.8706,2.1986,2.38,4.05,3.8,3.94,4.23
2024-08-08,1.5466,1.8349,2.181,2.37,4.04,3.83,3.99,4.28
2024-08-07,1.5228,1.7995,2.1414,2.335,4.0,3.79,3.96,4.26
2024-08-06,1.5277,1.817,2.1491,2.355,3.99,3.73,3.9,4.18
2024-08-05,1.5185,1.8144,2.1376,2.3375,3.89,3.62,3.78,4.06
2024-08-02,1.5282,1.8188,2.1277,2.3465,3.88,3.62,3.8,4.11
2024-08-01,1.5259,1.8262,2.1297,2.3651,4.16,3.84,3.99,4.27
2024-07-31,1.5252,1.849,2.1494,2.3825,4.29,3.97,4.09,4.35
2024-07-30,1.5339,1.8836,2.148,2.3765,4.35,4.03,4.15,4.4
2024-07-29,1.5331,1.8933,2.1574,2.39,4.36,4.05,4.17,4.42
2024-07-26,1.5296,1.8976,2.1944,2.4226,4.36,4.06,4.2,4.45
2024-07-25,1.5142,1.8923,2.2168,2.4357,4.41,4.13,4.27,4.5
2024-07-24,1.5298,1.8972,2.2381,2.4676,4.37,4.12,4.28,4.54
2024-07-23,1.5425,1.8918,2.2322,2.4691,4.4,4.15,4.25,4.48
2024-07-22,1.5624,1.9141,2.2461,2.4712,4.5,4.17,4.26,4.48
2024-07-19,1.6081,1.9534,2.2614,2.4842,4.49,4.16,4.25,4.45
2024-07-18,1.617,1.9607,2.2673,2.4901,4.46,4.11,4.2,4.41
2024-07-17,1.6145,1.9579,2.2598,2.4812,4.42,4.07,4.16,4.37
2024-07-16,1.6244,1.9841,2.2613,2.4801,4.43,4.09,4.17,4.38
2024-07-15,1.6314,1.9891,2.2541,2.4772,4.44,4.13,4.23,4.46
2024-07-12,1.6224,2.0016,2.2604,2.4921,4.45,4.1,4.18,4.39
2024-07-11,1.6353,2.0064,2.2648,2.5025,4.5,4.13,4.2,4.41
2024-07-10,1.6369,2.0131,2.2707,2.5068,4.62,4.24,4.28,4.47
2024-07-09,1.6364,2.0074,2.2698,2.5017,4.62,4.24,4.3,4.49
2024-07-08,1.6769,2.0347,2.2904,2.5205,4.62,4.23,4.28,4.46
2024-07-05,1.6479,1.9995,2.2754,2.513,4.6,4.22,4.28,4.47
2024-07-04,1.6385,1.9711,2.2502,2.4798,,,,
2024-07-03,1.6357,1.9589,2.2426,2.4738,4.71,4.33,4.36,4.53
2024-07-02,1.6452,1.9875,2.2369,2.4692,4.74,4.39,4.43,4.6
2024-07-01,1.6546,2.02,2.2486,2.4782,4.77,4.44,4.48,4.64
2024-06-28,1.6335,1.9782,2.2058,2.4282,4.71,4.33,4.36,4.51
2024-06-27,1.6381,1.9769,2.2081,2.4282,4.7,4.29,4.29,4.43
2024-06-26,1.656,1.9987,2.2225,2.4442,4.71,4.32,4.32,4.45
2024-06-25,1.6809,2.0159,2.235,2.4477,4.65,4.25,4.23,4.36
2024-06-24,1.7054,2.0255,2.2451,2.4607,4.71,4.27,4.25,4.38
2024-06-21,1.6917,2.039,2.2571,2.4797,4.7,4.26,4.25,4.39
2024-06-20,1.6964,2.0289,2.2445,2.4708,4.7,4.26,4.25,4.39
2024-06-19,1.7112,2.0236,2.2429,2.4797,,,,
2024-06-18,1.7772,2.0568,2.2537,2.4887,4.69,4.24,4.22,4.36
2024-06-17,1.7862,2.0659,2.2609,2.5057,4.75,4.3,4.28,4.4
2024-06-14,1.7762,2.0588,2.2558,2.499,4.67,4.22,4.2,4.34
2024-06-13,1.7841,2.0655,2.2678,2.5175,4.68,4.24,4.24,4.4
2024-06-12,1.7688,2.0634,2.276,2.5235,4.75,4.32,4.31,4.47
2024-06-11,1.7594,2.0555,2.2791,2.5195,4.81,4.41,4.39,4.53
2024-06-10,,,,,4.87,4.48,4.47,4.59
2024-06-07,1.7634,2.0598,2.2833,2.5303,4.87,4.46,4.43,4.55
2024-06-06,1.7759,2.0595,2.2828,2.5378,4.72,4.29,4.28,4.43
2024-06-05,1.7785,2.0573,2.2808,2.5378,4.72,4.31,4.29,4.44
2024-06-04,1.7858,2.0708,2.2854,2.5453,4.77,4.35,4.33,4.48
2024-06-03,1.7862,2.0699,2.2853,2.5473,4.82,4.42,4.41,4.55
2024-05-31,1.7987,2.085,2.2926,2.5552,4.89,4.52,4.51,4.65
2024-05-30,1.8104,2.0862,2.2826,2.5327,4.92,4.57,4.55,4.69
2024-05-29,1.818,2.0848,2.2776,2.5242,4.96,4.63,4.61,4.74
2024-05-28,1.832,2.0871,2.2994,2.5302,4.94,4.56,4.54,4.66
2024-05-27,1.8372,2.0961,2.3084,2.5452,,,,
2024-05-24,1.8278,2.096,2.3134,2.5515,4.93,4.53,4.46,4.57
2024-05-23,1.8217,2.0884,2.3063,2.5451,4.91,4.52,4.47,4.58
2024-05-22,1.836,2.0959,2.3123,2.57,4.86,4.47,4.43,4.55
2024-05-21,1.8458,2.1028,2.3141,2.5927,4.82,4.43,4.41,4.55
2024-05-20,1.8362,2.0983,2.3105,2.5917,4.82,4.46,4.44,4.58
2024-05-17,1.8324,2.0928,2.3077,2.5867,4.83,4.44,4.42,4.56
2024-05-16,1.848,2.1035,2.3147,2.5811,4.78,4.4,4.38,4.52
2024-05-15,1.8364,2.0916,2.302,2.5681,4.73,4.35,4.36,4.52
2024-05-14,1.847,2.086,2.2938,2.5631,4.81,4.46,4.45,4.59
2024-05-13,1.8564,2.096,2.29,2.5661,4.85,4.5,4.48,4.63
2024-05-11,1.893,2.1556,2.3361,2.6126,,,,
2024-05-10,1.8794,2.1301,2.3122,2.5826,4.87,4.52,4.5,4.64
2024-05-09,1.8886,2.1295,2.3186,2.5726,4.8,4.47,4.45,4.6
2024-05-08,1.8835,2.1068,2.2955,2.55,4.84,4.5,4.48,4.64
2024-05-07,1.8776,2.0994,2.2896,2.5413,4.82,4.48,4.47,4.61
2024-05-06,1.905,2.1268,2.3081,2.5587,4.82,4.48,4.49,4.64
2024-05-03,,,,,4.81,4.48,4.5,4.66
2024-05-02,,,,,4.87,4.57,4.58,4.72
2024-05-01,,,,,4.96,4.64,4.63,4.74
2024-04-30,1.9032,2.1484,2.3028,2.5382,5.04,4.72,4.69,4.79
2024-04-29,1.9494,2.1876,2.353,2.5833,4.97,4.65,4.63,4.75
2024-04-28,1.8927,2.1575,2.3244,2.5493,,,,
2024-04-26,1.8937,2.1245,2.3084,2.5257,4.96,4.68,4.67,4.78
2024-04-25,1.8279,2.0668,2.2612,2.4841,4.96,4.7,4.7,4.82
2024-04-24,1.8542,2.0965,2.2727,2.4791,4.89,4.64,4.65,4.78
2024-04-23,1.8266,2.0563,2.226,2.4211,4.86,4.63,4.61,4.73
2024-04-22,1.8411,2.0735,2.2435,2.4341,4.97,4.66,4.62,4.72
2024-04-19,1.851,2.0755,2.254,2.4411,4.97,4.66,4.62,4.72
2024-04-18,1.8543,2.0804,2.2537,2.4466,4.98,4.68,4.64,4.74
2024-04-17,1.8769,2.1053,2.2608,2.4556,4.93,4.62,4.59,4.71
2024-04-16,1.8785,2.1288,2.2723,2.4717,4.97,4.69,4.67,4.77
2024-04-15,1.8688,2.1263,2.2798,2.4863,4.93,4.65,4.63,4.74
2024-04-12,1.8465,2.1119,2.2837,2.487,4.88,4.54,4.5,4.61
2024-04-11,1.8538,2.1378,2.2928,2.4928,4.93,4.61,4.56,4.65
2024-04-10,1.856,2.1591,2.2972,2.4891,4.97,4.61,4.55,4.64
2024-04-09,1.8562,2.1533,2.2802,2.4637,4.74,4.37,4.36,4.5
2024-04-08,1.863,2.169,2.2822,2.4656,4.78,4.43,4.42,4.55
2024-04-07,1.8886,2.1946,2.2937,2.4776,,,,
2024-04-05,,,,,4.73,4.38,4.39,4.54
2024-04-04,,,,,4.65,4.3,4.31,4.47
2024-04-03,1.8886,2.1897,2.2837,2.4635,4.68,4.34,4.36,4.51
2024-04-02,1.8958,2.1967,2.2927,2.475,4.7,4.35,4.36,4.51
2024-04-01,1.9129,2.2172,2.3082,2.4848,4.72,4.34,4.33,4.47
2024-03-29,1.9017,2.1974,2.2901,2.4594,,,,
2024-03-28,1.9415,2.2112,2.3026,2.4664,4.59,4.21,4.2,4.34
2024-03-27,1.941,2.1948,2.2876,2.4636,4.54,4.18,4.2,4.36
2024-03-26,1.9549,2.2279,2.3175,2.4982,4.56,4.22,4.24,4.4
2024-03-25,1.9596,2.2281,2.3151,2.4962,4.54,4.23,4.25,4.42
2024-03-22,1.9791,2.2143,2.3051,2.4832,4.59,4.2,4.22,4.39
2024-03-21,1.9836,2.2036,2.2851,2.4615,4.62,4.26,4.27,4.44
2024-03-20,2.0031,2.2233,2.2951,2.466,4.59,4.25,4.27,4.45
2024-03-19,2.0023,2.2074,2.2801,2.4485,4.68,4.31,4.3,4.44
2024-03-18,2.0435,2.2168,2.2926,2.4857,4.73,4.36,4.34,4.46
2024-03-15,2.081,2.2428,2.32,2.5094,4.72,4.33,4.31,4.43
2024-03-14,2.1013,2.2595,2.3425,2.5343,4.68,4.29,4.29,4.44
2024-03-13,2.1025,2.2587,2.3326,2.5313,4.61,4.19,4.19,4.35
2024-03-12,2.1072,2.2716,2.3476,2.5415,4.58,4.15,4.16,4.31
2024-03-11,2.0754,2.232,2.305,2.4766,4.51,4.08,4.1,4.26
2024-03-08,2.0617,2.2089,2.2825,2.4335,4.48,4.06,4.09,4.26
2024-03-07,2.052,2.1959,2.2776,2.431,4.5,4.07,4.09,4.25
2024-03-06,2.0337,2.1675,2.265,2.4274,4.55,4.12,4.11,4.24
2024-03-05,2.0706,2.2285,2.3169,2.4794,4.54,4.13,4.13,4.27
2024-03-04,2.0862,2.2489,2.3475,2.4738,4.61,4.21,4.22,4.36
2024-03-01,2.0964,2.2632,2.3675,2.4915,4.54,4.17,4.19,4.33
2024-02-29,2.0526,2.2178,2.3375,2.4616,4.64,4.26,4.25,4.38
2024-02-28,2.0687,2.2223,2.3376,2.4868,4.64,4.26,4.27,4.4
2024-02-27,2.0913,2.2419,2.3809,2.5224,4.7,4.32,4.31,4.44
2024-02-26,2.0663,2.2244,2.3789,2.54,4.69,4.29,4.28,4.4
2024-02-23,2.0787,2.2495,2.4009,2.5809,4.67,4.28,4.26,4.37
2024-02-22,2.0703,2.2439,2.4033,2.591,4.69,4.33,4.33,4.47
2024-02-21,2.1133,2.2683,2.4119,2.601,4.64,4.3,4.32,4.49
2024-02-20,2.1241,2.2759,2.4134,2.6004,4.59,4.25,4.27,4.44
2024-02-19,2.1511,2.3058,2.4344,2.627,,,,
2024-02-18,2.1522,2.2972,2.4393,2.643,,,,
2024-02-16,,,,,4.64,4.29,4.3,4.45
2024-02-15,,,,,4.56,4.22,4.24,4.42
2024-02-14,,,,,4.56,4.25,4.27,4.45
2024-02-13,,,,,4.64,4.31,4.31,4.46
2024-02-12,,,,,4.46,4.13,4.17,4.37
2024-02-09,2.1496,2.2885,2.4302,2.6505,4.48,4.14,4.17,4.37
2024-02-08,2.1496,2.2885,2.4379,2.6505,4.46,4.12,4.15,4.36
2024-02-07,2.1563,2.2985,2.4153,2.6214,4.41,4.06,4.09,4.31
2024-02-06,2.1967,2.3329,2.4525,2.6579,4.39,4.03,4.09,4.29
2024-02-05,2.1457,2.2751,2.4002,2.5974,4.46,4.13,4.17,4.35
2024-02-04,2.111,2.2728,2.4053,2.6076,,,,
2024-02-02,2.137,2.2799,2.4244,2.6353,4.36,3.99,4.03,4.22
2024-02-01,2.1499,2.3048,2.4354,2.6472,4.2,3.8,3.87,4.1
2024-01-31,2.1336,2.2872,2.433,2.6482,4.27,3.91,3.99,4.22
2024-01-30,2.1166,2.2849,2.4557,2.6831,4.36,4.0,4.06,4.28
2024-01-29,2.1467,2.3222,2.494,2.7272,4.29,3.97,4.08,4.31
2024-01-26,2.1889,2.3441,2.4994,2.7331,4.34,4.04,4.15,4.38
2024-01-25,2.1874,2.3314,2.4984,2.7321,4.28,4.01,4.14,4.38
2024-01-24,2.2239,2.3713,2.5042,2.738,4.34,4.06,4.18,4.41
2024-01-23,2.2499,2.3835,2.5042,2.7327,4.31,4.06,4.14,4.38
2024-01-22,2.2383,2.3709,2.4922,2.7224,4.37,4.03,4.11,4.32
2024-01-19,2.2392,2.378,2.5027,2.7583,4.39,4.08,4.15,4.36
2024-01-18,2.2581,2.3954,2.5092,2.7732,4.34,4.04,4.14,4.37
2024-01-17,2.2638,2.4003,2.5077,2.7747,4.34,4.02,4.1,4.31
2024-01-16,2.2734,2.4406,2.5252,2.7897,4.22,3.95,4.07,4.3
2024-01-15,2.2561,2.4256,2.5212,2.7856,,,,
2024-01-12,2.2428,2.4156,2.5172,2.793,4.14,3.84,3.96,4.2
2024-01-11,2.2398,2.4042,2.4992,2.7769,4.26,3.9,3.98,4.18
2024-01-10,2.254,2.4062,2.4982,2.7758,4.37,3.99,4.04,4.2
2024-01-09,2.2388,2.3905,2.4862,2.7693,4.36,3.97,4.02,4.18
2024-01-08,2.2558,2.408,2.5136,2.802,4.36,3.97,4.01,4.17
2024-01-05,2.2369,2.3903,2.5175,2.8043,4.4,4.02,4.05,4.21
2024-01-04,2.2554,2.4089,2.5368,2.817,4.38,3.97,3.99,4.13
2024-01-03,2.2558,2.4212,2.5531,2.8402,4.33,3.9,3.91,4.05
2024-01-02,2.2462,2.4374,2.5601,2.8422,4.33,3.93,3.95,4.08
2023-12-31,2.2098,2.4001,2.5553,2.8269,,,,
2023-12-29,2.2098,2.4001,2.5553,2.8269,4.23,3.84,3.88,4.03
2023-12-28,2.223,2.4081,2.5694,2.8288,4.26,3.83,3.84,3.98
2023-12-27,2.2212,2.3836,2.5577,2.8167,4.2,3.78,3.79,3.95
2023-12-26,2.2559,2.4123,2.5804,2.8267,4.26,3.89,3.89,4.04
2023-12-25,2.2887,2.4172,2.5678,2.8077,,,,
2023-12-22,2.3213,2.4562,2.5877,2.8341,4.31,3.87,3.9,4.05
2023-12-21,2.3461,2.4783,2.5901,2.8492,4.33,3.87,3.89,4.03
2023-12-20,2.3709,2.5197,2.6222,2.8849,4.34,3.86,3.86,3.98
2023-12-19,2.3632,2.5088,2.6191,2.892,4.41,3.94,3.93,4.03
2023-12-18,2.329,2.4867,2.6126,2.8869,4.43,3.94,3.95,4.05
2023-12-15,2.3402,2.4916,2.6227,2.9039,4.44,3.91,3.91,4.0
2023-12-14,2.3674,2.5188,2.6376,2.9219,4.37,3.9,3.92,4.03
2023-12-13,2.3905,2.5136,2.6226,2.9148,4.46,4.0,4.04,4.19
2023-12-12,2.4359,2.5342,2.6375,2.9293,4.73,4.23,4.2,4.3
2023-12-11,2.435,2.5427,2.644,2.9288,4.71,4.25,4.23,4.32
2023-12-08,2.4375,2.557,2.6636,2.9428,4.71,4.24,4.23,4.31
2023-12-07,2.4427,2.5644,2.664,2.9457,4.58,4.11,4.14,4.25
2023-12-06,2.4776,2.5952,2.6725,2.9517,4.6,4.12,4.12,4.22
2023-12-05,2.4514,2.5843,2.665,2.9487,4.57,4.14,4.18,4.3
2023-12-04,2.4576,2.592,2.6725,2.9537,4.64,4.23,4.28,4.43
2023-12-01,2.4169,2.5665,2.6625,2.9445,4.56,4.14,4.22,4.4
2023-11-30,2.4259,2.5691,2.668,2.9405,4.73,4.31,4.37,4.54
2023-11-29,2.446,2.584,2.6826,2.9525,4.64,4.22,4.27,4.44
2023-11-28,2.4369,2.5762,2.6898,2.954,4.73,4.29,4.34,4.52
2023-11-27,2.4719,2.6012,2.7108,2.9745,4.84,4.38,4.39,4.53
2023-11-24,2.4563,2.5961,2.7053,2.9684,4.92,4.49,4.47,4.6
2023-11-23,2.4402,2.5837,2.7023,2.9704,,,,
2023-11-22,2.4135,2.5661,2.6823,2.9538,4.89,4.44,4.42,4.55
2023-11-21,2.3942,2.545,2.6684,2.9388,4.86,4.41,4.41,4.57
2023-11-20,2.3641,2.5243,2.6584,2.9321,4.89,4.44,4.42,4.57
2023-11-17,2.3423,2.5058,2.6524,2.9336,4.88,4.45,4.44,4.59
2023-11-16,2.3381,2.5027,2.6558,2.944,4.83,4.43,4.45,4.63
2023-11-15,2.3493,2.5021,2.6633,2.9485,4.9,4.52,4.53,4.68
2023-11-14,2.3757,2.5039,2.6573,2.9439,4.8,4.42,4.44,4.61
2023-11-13,2.3736,2.4909,2.6454,2.9385,5.02,4.66,4.63,4.75
2023-11-10,2.3808,2.5029,2.6444,2.9459,5.04,4.65,4.61,4.73
2023-11-09,2.4012,2.5204,2.6494,2.9584,5.03,4.65,4.62,4.77
2023-11-08,2.3839,2.5211,2.6464,2.9583,4.93,4.51,4.49,4.64
2023-11-07,2.4122,2.5329,2.6632,2.9718,4.91,4.53,4.58,4.75
2023-11-06,2.3766,2.5181,2.6554,2.9683,4.93,4.6,4.67,4.84
2023-11-03,2.3713,2.5177,2.6613,2.9727,4.83,4.49,4.57,4.77
2023-11-02,2.3524,2.4975,2.6553,2.9666,4.98,4.65,4.67,4.82
2023-11-01,2.3817,2.5299,2.6853,2.9911,4.95,4.67,4.77,4.96
2023-10-31,2.3611,2.5325,2.6938,2.9956,5.07,4.82,4.88,5.04
2023-10-30,2.3725,2.5526,2.7141,3.0106,5.03,4.8,4.88,5.04
2023-10-27,2.3835,2.5518,2.7133,3.0104,4.99,4.76,4.84,5.03
2023-10-26,2.3885,2.5667,2.7152,3.0054,5.02,4.79,4.86,5.01
2023-10-25,2.3615,2.5515,2.7052,3.0004,5.08,4.89,4.95,5.09
2023-10-24,2.4118,2.5862,2.7177,2.9978,5.02,4.82,4.83,4.96
2023-10-23,2.4106,2.5887,2.7047,2.9903,5.05,4.81,4.86,5.01
2023-10-20,2.425,2.5982,2.7052,2.9962,5.07,4.86,4.93,5.09
2023-10-19,2.4498,2.6205,2.7177,3.0077,5.14,4.95,4.98,5.11
2023-10-18,2.4308,2.6029,2.7052,3.0021,5.19,4.92,4.91,5.0
2023-10-17,2.4053,2.573,2.6882,3.0021,5.19,4.86,4.83,4.94
2023-10-16,2.3804,2.5629,2.6777,2.9997,5.09,4.72,4.71,4.87
2023-10-13,2.3481,2.5528,2.6702,2.9952,5.04,4.65,4.63,4.78
2023-10-12,2.3624,2.5803,2.6911,3.0139,5.06,4.69,4.7,4.86
2023-10-11,2.3889,2.5899,2.6976,3.0153,4.99,4.59,4.58,4.73
2023-10-10,2.3459,2.555,2.6811,3.0019,4.96,4.62,4.66,4.85
2023-10-09,2.3003,2.5352,2.6702,2.999,,,,
2023-10-08,2.2619,2.5178,2.6626,2.9948,,,,
2023-10-07,2.2612,2.5175,2.6651,2.9926,,,,
2023-10-06,,,,,5.08,4.75,4.78,4.95
2023-10-05,,,,,5.03,4.68,4.72,4.89
2023-10-04,,,,,5.05,4.72,4.73,4.87
2023-10-03,,,,,5.15,4.8,4.81,4.95
2023-10-02,,,,,5.12,4.72,4.69,4.81
2023-09-29,,,,,5.03,4.6,4.59,4.73
2023-09-28,2.2759,2.5256,2.6751,3.0022,5.04,4.62,4.59,4.71
2023-09-27,2.3106,2.5354,2.6877,3.007,5.1,4.67,4.61,4.73
2023-09-26,2.3243,2.5491,2.6951,3.0068,5.04,4.62,4.56,4.7
2023-09-25,2.307,2.5511,2.6976,3.0119,5.09,4.62,4.55,4.67
2023-09-22,2.2843,2.5296,2.6776,2.9971,5.1,4.57,4.44,4.53
2023-09-21,2.2719,2.5092,2.6576,2.984,5.12,4.61,4.49,4.56
2023-09-20,2.287,2.5211,2.665,2.9919,5.12,4.52,4.35,4.4
2023-09-19,2.2895,2.5234,2.6625,2.9895,5.08,4.51,4.37,4.43
2023-09-18,2.2695,2.5126,2.65,2.9841,5.05,4.46,4.32,4.4
2023-09-15,2.2395,2.4939,2.64,2.984,5.02,4.45,4.33,4.42
2023-09-14,2.2195,2.462,2.6075,2.9545,5.0,4.42,4.29,4.39
2023-09-13,2.2233,2.4685,2.615,2.9732,4.96,4.39,4.25,4.34
2023-09-12,2.2492,2.4808,2.623,2.9824,4.98,4.41,4.27,4.35
2023-09-11,2.2601,2.493,2.63,2.983,4.97,4.4,4.29,4.37
2023-09-08,2.2511,2.493,2.6375,2.9849,4.98,4.39,4.26,4.33
2023-09-07,2.2519,2.4986,2.635,2.9834,4.94,4.38,4.27,4.36
2023-09-06,2.2409,2.5039,2.6375,2.9869,5.01,4.44,4.3,4.37
2023-09-05,2.1919,2.4697,2.615,2.9666,4.94,4.37,4.27,4.38
2023-09-04,2.1973,2.4691,2.6124,2.9611,,,,
2023-09-01,2.1765,2.4382,2.585,2.928,4.87,4.29,4.18,4.29
2023-08-31,2.1497,2.3996,2.5575,2.9027,4.85,4.23,4.09,4.2
2023-08-30,2.1497,2.3989,2.56,2.9026,4.9,4.27,4.12,4.23
2023-08-29,2.1875,2.4203,2.57,2.9006,4.87,4.26,4.12,4.23
2023-08-28,2.1771,2.4075,2.5837,2.8955,4.98,4.38,4.2,4.29
2023-08-25,2.1504,2.3877,2.5702,2.8877,5.03,4.44,4.25,4.3
2023-08-24,2.1189,2.3653,2.5543,2.8812,4.98,4.39,4.23,4.3
2023-08-23,2.1239,2.3665,2.5535,2.8834,4.95,4.36,4.19,4.27
2023-08-22,2.1168,2.3636,2.5564,2.8938,5.02,4.49,4.34,4.42
2023-08-21,2.1092,2.3456,2.5403,2.8894,4.97,4.46,4.34,4.45
2023-08-18,2.1176,2.3657,2.5639,2.9225,4.92,4.38,4.26,4.38
2023-08-17,2.1251,2.3703,2.5678,2.9285,4.94,4.42,4.3,4.41
2023-08-16,2.1125,2.365,2.5649,2.9259,4.97,4.42,4.28,4.38
2023-08-15,2.1193,2.3772,2.5759,2.9342,4.92,4.36,4.21,4.32
2023-08-14,2.1417,2.4048,2.6212,2.971,4.96,4.36,4.19,4.29
2023-08-11,2.147,2.4216,2.6381,2.985,4.89,4.31,4.16,4.27
2023-08-10,2.152,2.429,2.6475,2.992,4.82,4.21,4.09,4.24
2023-08-09,2.1428,2.4237,2.6461,2.9896,4.79,4.12,4.0,4.18
2023-08-08,2.14,2.4211,2.6454,2.9879,4.74,4.1,4.02,4.2
2023-08-07,2.1431,2.4259,2.6462,2.9904,4.76,4.16,4.09,4.27
2023-08-04,2.1301,2.428,2.6469,2.9927,4.78,4.15,4.05,4.21
2023-08-03,2.1212,2.4254,2.6435,2.9927,4.9,4.3,4.2,4.32
2023-08-02,2.1451,2.4526,2.6525,2.9989,4.88,4.24,4.08,4.17
2023-08-01,2.1552,2.4599,2.6607,3.0119,4.92,4.24,4.05,4.11
2023-07-31,2.1646,2.4544,2.6597,3.0103,4.88,4.18,3.97,4.02
2023-07-28,2.1561,2.441,2.6533,3.0061,4.87,4.18,3.96,4.03
2023-07-27,2.1429,2.4232,2.6395,2.9948,4.91,4.24,4.01,4.06
2023-07-26,2.1602,2.4328,2.643,3.0003,4.82,4.09,3.86,3.94
2023-07-25,2.1725,2.4627,2.663,3.0156,4.85,4.15,3.91,3.95
2023-07-24,2.1197,2.3873,2.5934,2.9588,4.81,4.13,3.86,3.92
2023-07-21,2.1171,2.392,2.6079,2.9828,4.82,4.09,3.84,3.91
2023-07-20,2.1245,2.4043,2.6214,2.9967,4.8,4.08,3.85,3.91
2023-07-19,2.1264,2.409,2.6233,2.9987,4.74,3.98,3.75,3.84
2023-07-18,2.1277,2.4248,2.6234,2.9965,4.74,4.0,3.8,3.91
2023-07-17,2.1356,2.4348,2.6364,3.0085,4.74,4.02,3.81,3.94
2023-07-14,2.1444,2.4512,2.6444,3.0144,4.74,4.04,3.83,3.93
2023-07-13,2.1491,2.4502,2.6413,3.0084,4.59,3.93,3.76,3.9
2023-07-12,2.147,2.4369,2.6378,3.0011,4.72,4.07,3.86,3.96
2023-07-11,2.13,2.4343,2.6353,3.0011,4.88,4.24,3.99,4.03
2023-07-10,2.1237,2.4395,2.6403,3.0091,4.85,4.25,4.01,4.05
2023-07-07,2.1162,2.4295,2.6403,3.013,4.94,4.35,4.06,4.05
2023-07-06,2.1262,2.4335,2.6392,3.018,4.99,4.37,4.05,4.01
2023-07-05,2.1333,2.4333,2.6402,3.0176,4.94,4.25,3.95,3.95
2023-07-04,2.1347,2.4436,2.6477,3.0225,,,,
2023-07-03,2.1429,2.4333,2.6402,3.0133,4.94,4.19,3.86,3.87
2023-06-30,2.1447,2.4247,2.6351,3.0072,4.87,4.13,3.81,3.85
2023-06-29,2.1686,2.457,2.6526,3.0171,4.87,4.14,3.85,3.92
2023-06-28,2.1858,2.466,2.6651,3.0271,4.71,3.97,3.71,3.81
2023-06-27,2.19,2.4773,2.6676,3.0295,4.74,4.02,3.77,3.84
2023-06-26,2.1777,2.4723,2.6677,3.0346,4.65,3.96,3.72,3.83
2023-06-25,2.1804,2.4592,2.6576,3.028,,,,
2023-06-23,,,,,4.71,3.99,3.74,3.82
2023-06-22,,,,,4.77,4.03,3.8,3.88
2023-06-21,2.1843,2.4744,2.6701,3.042,4.68,3.95,3.72,3.81
2023-06-20,2.1938,2.4811,2.6751,3.0444,4.68,3.96,3.74,3.83
2023-06-19,2.2083,2.5027,2.6876,3.0619,,,,
2023-06-16,2.2058,2.4543,2.6626,3.0419,4.7,3.99,3.77,3.86
2023-06-15,2.1756,2.4366,2.6482,3.0267,4.62,3.91,3.72,3.85
2023-06-14,2.1428,2.398,2.6178,2.9963,4.74,4.06,3.83,3.9
2023-06-13,2.1372,2.4031,2.6227,3.0064,4.67,4.01,3.84,3.94
2023-06-12,2.1696,2.4361,2.6704,3.0391,4.55,3.89,3.73,3.87
2023-06-09,2.1508,2.434,2.6703,3.044,4.59,3.92,3.75,3.89
2023-06-08,2.1609,2.4522,2.6822,3.0651,4.52,3.87,3.73,3.89
2023-06-07,2.1366,2.4413,2.6827,3.0645,4.56,3.93,3.79,3.95
2023-06-06,2.1279,2.438,2.6826,3.0716,4.51,3.85,3.7,3.87
2023-06-05,2.1639,2.4549,2.6926,3.079,4.46,3.82,3.69,3.89
2023-06-02,2.1907,2.4532,2.6951,3.0784,4.5,3.84,3.69,3.88
2023-06-01,2.1748,2.4256,2.6825,3.0694,4.33,3.7,3.61,3.84
2023-05-31,2.1864,2.4558,2.685,3.0733,4.4,3.74,3.64,3.85
2023-05-30,2.2145,2.488,2.7,3.0839,4.46,3.81,3.69,3.9
2023-05-29,2.2288,2.4871,2.695,3.0839,,,,
2023-05-26,2.2449,2.5007,2.7205,3.0913,4.54,3.92,3.8,3.96
2023-05-25,2.2482,2.4795,2.7065,3.0773,4.5,3.9,3.83,4.01
2023-05-24,2.245,2.4794,2.7037,3.0723,4.31,3.75,3.73,3.97
2023-05-23,2.2264,2.4665,2.6962,3.0687,4.26,3.76,3.7,3.96
2023-05-22,2.256,2.4888,2.7132,3.0762,4.29,3.77,3.72,3.97
2023-05-19,2.2836,2.5204,2.7151,3.0773,4.28,3.76,3.7,3.95
2023-05-18,2.3063,2.5454,2.7184,3.081,4.24,3.69,3.65,3.91
2023-05-17,2.3044,2.5533,2.721,3.081,4.12,3.58,3.57,3.88
2023-05-16,2.2992,2.5371,2.7129,3.066,4.06,3.52,3.54,3.87
2023-05-15,2.2913,2.5395,2.719,3.0649,3.99,3.46,3.5,3.84
2023-05-12,2.2693,2.5164,2.7058,3.0608,3.98,3.45,3.46,3.78
2023-05-11,2.2703,2.5211,2.701,3.0672,3.89,3.36,3.39,3.73
2023-05-10,2.2949,2.5482,2.721,3.0849,3.9,3.37,3.43,3.8
2023-05-09,2.319,2.578,2.7383,3.0998,4.01,3.51,3.53,3.85
2023-05-08,2.3254,2.5854,2.7484,3.1058,4.0,3.49,3.52,3.84
2023-05-06,2.304,2.5635,2.7311,3.0882,,,,
2023-05-05,2.3025,2.5645,2.7338,3.0831,3.92,3.41,3.44,3.76
2023-05-04,2.3424,2.5968,2.7613,3.1182,3.75,3.29,3.37,3.73
2023-05-03,,,,,3.89,3.37,3.38,3.7
2023-05-02,,,,,3.97,3.46,3.44,3.72
2023-05-01,,,,,4.14,3.64,3.59,3.84
2023-04-28,2.3548,2.613,2.7788,3.1355,4.04,3.51,3.44,3.67
2023-04-27,2.3534,2.6152,2.7852,3.1379,4.07,3.6,3.53,3.76
2023-04-26,2.3922,2.6375,2.8058,3.1574,3.9,3.46,3.43,3.7
2023-04-25,2.4056,2.6599,2.8157,3.1584,3.86,3.43,3.4,3.65
2023-04-24,2.4063,2.6632,2.8176,3.1608,4.12,3.6,3.52,3.73
2023-04-23,2.4095,2.6682,2.822,3.1715,,,,
2023-04-21,2.4056,2.669,2.8258,3.1726,4.17,3.66,3.57,3.78
2023-04-20,2.4065,2.671,2.8332,3.1775,4.14,3.63,3.54,3.75
2023-04-19,2.4061,2.6735,2.8333,3.1875,4.24,3.71,3.6,3.79
2023-04-18,2.4053,2.6852,2.8319,3.2056,4.19,3.69,3.58,3.79
2023-04-17,2.4113,2.6946,2.8432,3.2136,4.18,3.69,3.6,3.81
2023-04-14,2.4074,2.6826,2.8281,3.2032,4.08,3.6,3.52,3.74
2023-04-13,2.4044,2.6793,2.8277,3.2031,3.96,3.51,3.45,3.69
2023-04-12,2.401,2.669,2.8158,3.1977,3.95,3.46,3.41,3.64
2023-04-11,2.4078,2.6793,2.8203,3.2173,4.03,3.54,3.43,3.62
2023-04-10,2.4099,2.6918,2.8455,3.2347,4.0,3.52,3.41,3.62
2023-04-07,2.4082,2.688,2.8464,3.236,3.97,3.49,3.39,3.61
2023-04-06,2.4104,2.7028,2.8605,3.2463,3.82,3.37,3.3,3.54
2023-04-05,,,,,3.79,3.36,3.3,3.56
2023-04-04,2.4041,2.6979,2.8584,3.2421,3.84,3.39,3.35,3.6
2023-04-03,2.4009,2.6949,2.8604,3.2407,3.97,3.52,3.43,3.64
2023-03-31,2.3918,2.6837,2.8528,3.2332,4.06,3.6,3.48,3.67
2023-03-30,2.4106,2.7007,2.8603,3.2295,4.1,3.66,3.55,3.74
2023-03-29,2.4101,2.6954,2.8532,3.2286,4.08,3.67,3.57,3.78
2023-03-28,2.4148,2.7003,2.8556,3.2319,4.02,3.63,3.55,3.77
2023-03-27,2.4068,2.6922,2.8551,3.2319,3.94,3.59,3.53,3.77
